minimum_bytes,average_bytes,maximum_bytes,normalization,input_bytes,seed,complete_chunks,complete_bytes,final_tail_bytes,observed_mean_bytes,analytical_mean_bytes,analytical_model,lower_inclusive,upper_exclusive,observed_count,observed_probability,analytical_probability
16384,65536,262144,1,1073741824,1,13398,1073582560,159264,80130.0612032,79835.9940688,independent-uniform-hash,16384,20480,420,0.0313479623824,0.0307668810658
16384,65536,262144,1,1073741824,1,13398,1073582560,159264,80130.0612032,79835.9940688,independent-uniform-hash,20480,24576,412,0.0307508583371,0.0298202800953
16384,65536,262144,1,1073741824,1,13398,1073582560,159264,80130.0612032,79835.9940688,independent-uniform-hash,24576,28672,362,0.0270189580534,0.0289028030843
16384,65536,262144,1,1073741824,1,13398,1073582560,159264,80130.0612032,79835.9940688,independent-uniform-hash,28672,32768,366,0.0273175100761,0.0280135539793
16384,65536,262144,1,1073741824,1,13398,1073582560,159264,80130.0612032,79835.9940688,independent-uniform-hash,32768,36864,347,0.0258993879684,0.0271516642958
16384,65536,262144,1,1073741824,1,13398,1073582560,159264,80130.0612032,79835.9940688,independent-uniform-hash,36864,40960,369,0.0275414240931,0.0263162922697
16384,65536,262144,1,1073741824,1,13398,1073582560,159264,80130.0612032,79835.9940688,independent-uniform-hash,40960,45056,321,0.0239587998209,0.0255066220353
16384,65536,262144,1,1073741824,1,13398,1073582560,159264,80130.0612032,79835.9940688,independent-uniform-hash,45056,49152,330,0.0246305418719,0.0247218628288
16384,65536,262144,1,1073741824,1,13398,1073582560,159264,80130.0612032,79835.9940688,independent-uniform-hash,49152,53248,321,0.0239587998209,0.0239612482154
16384,65536,262144,1,1073741824,1,13398,1073582560,159264,80130.0612032,79835.9940688,independent-uniform-hash,53248,57344,326,0.0243319898492,0.0232240353414
16384,65536,262144,1,1073741824,1,13398,1073582560,159264,80130.0612032,79835.9940688,independent-uniform-hash,57344,61440,297,0.0221674876847,0.0225095042081
16384,65536,262144,1,1073741824,1,13398,1073582560,159264,80130.0612032,79835.9940688,independent-uniform-hash,61440,65536,272,0.0203015375429,0.0218169569693
16384,65536,262144,1,1073741824,1,13398,1073582560,159264,80130.0612032,79835.9940688,independent-uniform-hash,65536,69632,1134,0.0846394984326,0.0807596604379
16384,65536,262144,1,1073741824,1,13398,1073582560,159264,80130.0612032,79835.9940688,independent-uniform-hash,69632,73728,904,0.0674727571279,0.0712700142506
16384,65536,262144,1,1073741824,1,13398,1073582560,159264,80130.0612032,79835.9940688,independent-uniform-hash,73728,77824,808,0.0603075085834,0.0628954468572
16384,65536,262144,1,1073741824,1,13398,1073582560,159264,80130.0612032,79835.9940688,independent-uniform-hash,77824,81920,754,0.0562770562771,0.0555049311686
16384,65536,262144,1,1073741824,1,13398,1073582560,159264,80130.0612032,79835.9940688,independent-uniform-hash,81920,86016,654,0.0488132557098,0.0489828364052
16384,65536,262144,1,1073741824,1,13398,1073582560,159264,80130.0612032,79835.9940688,independent-uniform-hash,86016,90112,563,0.0420211971936,0.0432271189564
16384,65536,262144,1,1073741824,1,13398,1073582560,159264,80130.0612032,79835.9940688,independent-uniform-hash,90112,94208,523,0.0390356769667,0.0381477258241
16384,65536,262144,1,1073741824,1,13398,1073582560,159264,80130.0612032,79835.9940688,independent-uniform-hash,94208,98304,484,0.0361247947455,0.0336651856678
16384,65536,262144,1,1073741824,1,13398,1073582560,159264,80130.0612032,79835.9940688,independent-uniform-hash,98304,102400,399,0.0297805642633,0.0297093654095
16384,65536,262144,1,1073741824,1,13398,1073582560,159264,80130.0612032,79835.9940688,independent-uniform-hash,102400,106496,337,0.0251530079116,0.026218372943
16384,65536,262144,1,1073741824,1,13398,1073582560,159264,80130.0612032,79835.9940688,independent-uniform-hash,106496,110592,322,0.0240334378265,0.0231375887806
16384,65536,262144,1,1073741824,1,13398,1073582560,159264,80130.0612032,79835.9940688,independent-uniform-hash,110592,114688,296,0.0220928496791,0.0204188114855
16384,65536,262144,1,1073741824,1,13398,1073582560,159264,80130.0612032,79835.9940688,independent-uniform-hash,114688,118784,251,0.0187341394238,0.0180195035202
16384,65536,262144,1,1073741824,1,13398,1073582560,159264,80130.0612032,79835.9940688,independent-uniform-hash,118784,122880,236,0.0176145693387,0.0159021257112
16384,65536,262144,1,1073741824,1,13398,1073582560,159264,80130.0612032,79835.9940688,independent-uniform-hash,122880,126976,184,0.0137333930437,0.0140335499172
16384,65536,262144,1,1073741824,1,13398,1073582560,159264,80130.0612032,79835.9940688,independent-uniform-hash,126976,131072,153,0.0114196148679,0.012384540712
16384,65536,262144,1,1073741824,1,13398,1073582560,159264,80130.0612032,79835.9940688,independent-uniform-hash,131072,135168,162,0.0120913569189,0.0109292979719
16384,65536,262144,1,1073741824,1,13398,1073582560,159264,80130.0612032,79835.9940688,independent-uniform-hash,135168,139264,135,0.0100761307658,0.00964505321073
16384,65536,262144,1,1073741824,1,13398,1073582560,159264,80130.0612032,79835.9940688,independent-uniform-hash,139264,143360,115,0.00858337065234,0.00851171334859
16384,65536,262144,1,1073741824,1,13398,1073582560,159264,80130.0612032,79835.9940688,independent-uniform-hash,143360,147456,98,0.0073145245559,0.00751154633837
16384,65536,262144,1,1073741824,1,13398,1073582560,159264,80130.0612032,79835.9940688,independent-uniform-hash,147456,151552,87,0.00649350649351,0.00662890373333
16384,65536,262144,1,1073741824,1,13398,1073582560,159264,80130.0612032,79835.9940688,independent-uniform-hash,151552,155648,69,0.0051500223914,0.00584997585402
16384,65536,262144,1,1073741824,1,13398,1073582560,159264,80130.0612032,79835.9940688,independent-uniform-hash,155648,159744,64,0.00477683236304,0.00516257572432
16384,65536,262144,1,1073741824,1,13398,1073582560,159264,80130.0612032,79835.9940688,independent-uniform-hash,159744,163840,55,0.00410509031199,0.00455594839611
16384,65536,262144,1,1073741824,1,13398,1073582560,159264,80130.0612032,79835.9940688,independent-uniform-hash,163840,167936,59,0.00440364233468,0.00402060267905
16384,65536,262144,1,1073741824,1,13398,1073582560,159264,80130.0612032,79835.9940688,independent-uniform-hash,167936,172032,46,0.00343334826093,0.00354816264305
16384,65536,262144,1,1073741824,1,13398,1073582560,159264,80130.0612032,79835.9940688,independent-uniform-hash,172032,176128,42,0.00313479623824,0.00313123656987
16384,65536,262144,1,1073741824,1,13398,1073582560,159264,80130.0612032,79835.9940688,independent-uniform-hash,176128,180224,43,0.00320943424392,0.00276330130348
16384,65536,262144,1,1073741824,1,13398,1073582560,159264,80130.0612032,79835.9940688,independent-uniform-hash,180224,184320,27,0.00201522615316,0.00243860018987
16384,65536,262144,1,1073741824,1,13398,1073582560,159264,80130.0612032,79835.9940688,independent-uniform-hash,184320,188416,31,0.00231377817585,0.0021520530094
16384,65536,262144,1,1073741824,1,13398,1073582560,159264,80130.0612032,79835.9940688,independent-uniform-hash,188416,192512,32,0.00238841618152,0.00189917649253
16384,65536,262144,1,1073741824,1,13398,1073582560,159264,80130.0612032,79835.9940688,independent-uniform-hash,192512,196608,17,0.00126884609643,0.0016760141753
16384,65536,262144,1,1073741824,1,13398,1073582560,159264,80130.0612032,79835.9940688,independent-uniform-hash,196608,200704,22,0.00164203612479,0.00147907449722
16384,65536,262144,1,1073741824,1,13398,1073582560,159264,80130.0612032,79835.9940688,independent-uniform-hash,200704,204800,14,0.00104493207941,0.00130527617282
16384,65536,262144,1,1073741824,1,13398,1073582560,159264,80130.0612032,79835.9940688,independent-uniform-hash,204800,208896,17,0.00126884609643,0.00115189998241
16384,65536,262144,1,1073741824,1,13398,1073582560,159264,80130.0612032,79835.9940688,independent-uniform-hash,208896,212992,10,0.000746380056725,0.00101654622762
16384,65536,262144,1,1073741824,1,13398,1073582560,159264,80130.0612032,79835.9940688,independent-uniform-hash,212992,217088,11,0.000821018062397,0.000897097186091
16384,65536,262144,1,1073741824,1,13398,1073582560,159264,80130.0612032,79835.9940688,independent-uniform-hash,217088,221184,9,0.000671742051052,0.000791683977993
16384,65536,262144,1,1073741824,1,13398,1073582560,159264,80130.0612032,79835.9940688,independent-uniform-hash,221184,225280,11,0.000821018062397,0.000698657325793
16384,65536,262144,1,1073741824,1,13398,1073582560,159264,80130.0612032,79835.9940688,independent-uniform-hash,225280,229376,8,0.00059710404538,0.000616561749957
16384,65536,262144,1,1073741824,1,13398,1073582560,159264,80130.0612032,79835.9940688,independent-uniform-hash,229376,233472,7,0.000522466039707,0.000544112796754
16384,65536,262144,1,1073741824,1,13398,1073582560,159264,80130.0612032,79835.9940688,independent-uniform-hash,233472,237568,6,0.000447828034035,0.000480176941908
16384,65536,262144,1,1073741824,1,13398,1073582560,159264,80130.0612032,79835.9940688,independent-uniform-hash,237568,241664,6,0.000447828034035,0.000423753855663
16384,65536,262144,1,1073741824,1,13398,1073582560,159264,80130.0612032,79835.9940688,independent-uniform-hash,241664,245760,10,0.000746380056725,0.000373960751792
16384,65536,262144,1,1073741824,1,13398,1073582560,159264,80130.0612032,79835.9940688,independent-uniform-hash,245760,249856,5,0.000373190028362,0.000330018575671
16384,65536,262144,1,1073741824,1,13398,1073582560,159264,80130.0612032,79835.9940688,independent-uniform-hash,249856,253952,4,0.00029855202269,0.000291239815317
16384,65536,262144,1,1073741824,1,13398,1073582560,159264,80130.0612032,79835.9940688,independent-uniform-hash,253952,258048,4,0.00029855202269,0.000257017744694
16384,65536,262144,1,1073741824,1,13398,1073582560,159264,80130.0612032,79835.9940688,independent-uniform-hash,258048,262144,2,0.000149276011345,0.000226816930973
16384,65536,262144,1,1073741824,1,13398,1073582560,159264,80130.0612032,79835.9940688,independent-uniform-hash,262144,262145,25,0.00186595014181,0.00170346139188
